"","url","pr"
"1","https://www.catalystdigital.com/",0.00948279335868011
"2","https://www.catalystdigital.com/digital-marketing-services/social-media-advertising/",0.00886220371692918
"3","https://www.catalystdigital.com/digital-marketing-services/",0.0096925844235117
"4","https://www.catalystdigital.com/digital-marketing-case-studies/head-and-shoulders-paid-and-organic-search-case-study/",0.00760661700166332
"5","https://www.catalystdigital.com/blog/",0.00753835937783696
"6","https://www.catalystdigital.com/digital-marketing-case-studies/",0.00896296702792602
"7","https://www.catalystdigital.com/digital-marketing-services/social-media/",0.00774541781161914
"8","https://www.catalystdigital.com/company/management-team/",0.00871941291996069
"9","https://www.catalystdigital.com/contact/digital-marketing-jobs/",0.00757166601093576
"10","https://www.catalystdigital.com/digital-marketing-services/amazon-search-marketing/",0.00883406791636663
"11","https://www.catalystdigital.com/search-marketing-agency-forrester-wave/",0.0080881294721363
"12","https://www.catalystdigital.com/digital-marketing-case-studies/behr-paid-search-pinterest-case-study/",0.00760661700166011
"13","https://www.catalystdigital.com/company/catalyst-history/",0.00773512639464625
"14","https://www.catalystdigital.com/digital-marketing-case-studies/fortune-100-paid-search-case-study/",0.00785313328432373
"15","https://www.catalystdigital.com/privacy-policy-new/",0.0138302871410051
"16","https://www.catalystdigital.com/digital-marketing-case-studies/audi-twitter-strategy/",0.00845824465959543
"17","https://www.catalystdigital.com/digital-marketing-services/programmatic/",0.00773451644945903
"18","https://www.catalystdigital.com/company/digital-marketing-technology/",0.00758736592012647
"19","https://www.catalystdigital.com/contact/",0.0111886348682476
"20","https://www.catalystdigital.com/digital-marketing-case-studies/fortune-500-cpg-brand-seo-paid-search-case-study/",0.00760661700165578
"21","https://www.catalystdigital.com/google-marketing-live-pov-2019/",0.00104890104762625
"22","https://www.catalystdigital.com/digital-marketing-services/seo/",0.00886220371691827
"23","https://www.catalystdigital.com/digital-marketing-services/ppc/",0.00886220371691761
"24","https://www.catalystdigital.com/how-online-search-data-can-improve-offline-retail-results/",0.00788526698604856
"25","https://www.catalystdigital.com/digital-marketing-services/eshelf/",0.00760342295031117
"26","https://www.catalystdigital.com/company/",0.0080546310046534
"27","https://www.catalystdigital.com/prioritize-search-to-maximize-marketing-roi/",0.00828001177429171
"28","https://www.catalystdigital.com/digital-marketing-case-studies/baublebar-facebook-dynamic-ads-case-study/",0.0077429687961695
"29","https://www.catalystdigital.com/digital-marketing-case-studies/sams-club/",0.00845998070685102
"30","https://www.catalystdigital.com/advertiser-perceptions-ad-agency-report-names-catalyst-top-search-agency/",0.00744691527679121
"31","https://www.catalystdigital.com/digital-marketing-case-studies/boosting-business-results-with-bing-ads-case-study/",0.00760661700165
"32","https://www.catalystdigital.com/beth-letendre-to-lead-groupm-performance-marketing-organization/",0.00120816513349262
"33","https://www.catalystdigital.com/digital-marketing-case-studies/fortune-500-cpg-brand-amazon-marketing-case-study/",0.00759811379671519
"34","https://www.catalystdigital.com/company/digital-marketing-webinars/",0.00753635104429469
"35","https://www.catalystdigital.com/google-product-updates-new-features-july2018/",0.00108052225331067
"36","https://www.catalystdigital.com/digital-marketing-case-studies/global-manufacturer-paid-search-case-study/",0.0078514040171845
"37","https://www.catalystdigital.com/amazon-marketing-strategies-whitepaper/",0.00181824301074324
"38","https://www.catalystdigital.com/era-of-ecommerce-whitepaper/",0.00131611422424544
"39","https://www.catalystdigital.com/sitemap/",0.00741041644690589
"40","https://www.catalystdigital.com/post-type/featured/",0.00437335201868042
"41","https://www.catalystdigital.com/catalyst-microsoft-diversity-happy-hour-event/",0.00100970733266779
"42","https://www.catalystdigital.com/march-2019-core-algorithm-update/",0.00100839093547258
"43","https://www.catalystdigital.com/catalyst-and-retail-what-is-new-april-2017/",0.00128638856930141
"44","https://www.catalystdigital.com/post-type/news/",0.0055612381686473
"45","https://www.catalystdigital.com/google-new-product-features-adwords-redesign/",0.000970302589300805
"46","https://www.catalystdigital.com/kerry-curran-joins-programming-committee-for-mediapost/",0.000994736950511989
"47","https://www.catalystdigital.com/catalyst-receives-top-score-current-offering-forrester-search-marketing-wave/",0.00111564993872788
"48","https://www.catalystdigital.com/post-type/post/",0.00945484777425484
"49","https://www.catalystdigital.com/category/mobile/",0.00211585906466407
"50","https://www.catalystdigital.com/2013-search-marketing-wrap-up-coffee-with-catalyst/",0.00173968570052336
"51","https://www.catalystdigital.com/blog/page/2/",0.000958000851147157
"52","https://www.catalystdigital.com/author/catalyst/",0.00255128506685931
"53","https://www.catalystdigital.com/category/content/",0.00206563179081486
"54","https://www.catalystdigital.com/the-age-of-amazon/",0.00087362413120782
"55","https://www.catalystdigital.com/how-to-use-search-data-insights-to-influence-strategy-and-optimziation-tactics/",0.00112339334494566
"56","https://www.catalystdigital.com/acknowledged-google-search-excellence/",0.000867861896423258
"57","https://www.catalystdigital.com/category/catalyst-culture/",0.002122274450234
"58","https://www.catalystdigital.com/ecomm-on-tap-happy-hour/",0.000994909131325639
"59","https://www.catalystdigital.com/catalyst-recognized-with-elite-status-in-new-bing-partner-program/",0.00119763924808662
"60","https://www.catalystdigital.com/catalyst-employee-spotlight-amy-demers/",0.00111790371559749
"61","https://www.catalystdigital.com/2018-catalyst-year-in-review/",0.00160572770601962
"62","https://www.catalystdigital.com/search-marketing-experts-explain-key-seo-trends-innovations/",0.00101154820296056
"63","https://www.catalystdigital.com/blog/page/3/",0.000919196933186028
"64","https://www.catalystdigital.com/facebooks-developer-conference-key-product-updates/",0.00103524455787139
"65","https://www.catalystdigital.com/category/linking/",0.00207775978484995
"66","https://www.catalystdigital.com/google-product-updates-new-features-may2017/",0.00103716246304699
"67","https://www.catalystdigital.com/catalyst-employee-spotlight-mariya-ruseva/",0.00116806423140161
"68","https://www.catalystdigital.com/planning-for-prime-day/",0.0010094635608899
"69","https://www.catalystdigital.com/category/paid-search/",0.00212334903605308
"70","https://www.catalystdigital.com/post-type/publication/",0.00338432020385978
"71","https://www.catalystdigital.com/age-of-amazon-webinar-highlights-and-poll-results/",0.000941289119932765
"72","https://www.catalystdigital.com/category/video/",0.0020850241811636
"73","https://www.catalystdigital.com/catalyst-selected-as-gold-honoree-of-2017-shorty-awards/",0.00123222861571975
"74","https://www.catalystdigital.com/category/social/",0.00208413256243141
"75","https://www.catalystdigital.com/job-opening-manager-paid-social-boston/",0.000947304196124574
"76","https://www.catalystdigital.com/june-search-marketing-updates/",0.00113871209040674
"77","https://www.catalystdigital.com/job-opening-associate-search-and-social/",0.000947304196124574
"78","https://www.catalystdigital.com/september-search-marketing-updates/",0.00118414146801696
"79","https://www.catalystdigital.com/category/e-commerce/",0.00208502418116379
"80","https://www.catalystdigital.com/capture-and-convert-during-peak-periods-webinar/",0.00100177721560172
"81","https://www.catalystdigital.com/category/seo/",0.00208413256243184
"82","https://www.catalystdigital.com/job-opening-technology-associate/",0.000947304196124574
"83","https://www.catalystdigital.com/catalyst-employee-spotlight-breanna-cottone/",0.00108928320322188
"84","https://www.catalystdigital.com/hats-off-to-catalyst-groupm-shorty-award-finalists/",0.000959003774771483
"85","https://www.catalystdigital.com/company/digital-marketing-technology-temp/",0.000964628297254814
"86","https://www.catalystdigital.com/techseo-boost-2018-call-for-research/",0.0011066628611958
"87","https://www.catalystdigital.com/online-advertising-insights-from-swoop-ceo-ron-elwell/",0.00083126606887934
"88","https://www.catalystdigital.com/author/dcristo/",0.000828519041126886
"89","https://www.catalystdigital.com/advertising-week-2018/",0.000895504466056914
"90","https://www.catalystdigital.com/effective-app-seo-techniques-for-increased-visibility/",0.000860561320300557
"91","https://www.catalystdigital.com/author/catalyst/page/2/",0.000872735885793259
"92","https://www.catalystdigital.com/facebook-publishes-baublebar-catalyst-case-study/",0.000902133356584879
"93","https://www.catalystdigital.com/co-citation-the-new-seo-killer/",0.00083722464214123
"94","https://www.catalystdigital.com/catalyst-employee-spotlight-joe-mesgleski/",0.00109231098139898
"95","https://www.catalystdigital.com/post-type/news/page/3/",0.000896320219572401
"96","https://www.catalystdigital.com/seo-strategies-in-real-life-and-in-practice/",0.000862153903050474
"97","https://www.catalystdigital.com/demographics-for-search-ads/",0.00121069442543937
"98","https://www.catalystdigital.com/gdn-4-tips-for-greater-audience-reach-and-business-results-with-google-display-network/",0.00088179991409088
"99","https://www.catalystdigital.com/new-ams-interface-and-features-2018/",0.000986796827575171
"100","https://www.catalystdigital.com/facebook-marketplace-pov-jan2018/",0.000882190891284757
"101","https://www.catalystdigital.com/pinterest-social-search-goldmine/",0.000949956470262556
"102","https://www.catalystdigital.com/future-of-search-engine-optimization-google-and-bing/",0.00083511025005094
"103","https://www.catalystdigital.com/understanding-and-optimizing-for-voice-search/",0.000935423730973476
"104","https://www.catalystdigital.com/seasonal-insights-for-advertising-on-pinterest/",0.000849799692906719
"105","https://www.catalystdigital.com/politics-and-seo-what-every-politician-needs-to-know-about-orm/",0.000829306713630791
"106","https://www.catalystdigital.com/criteo/",0.000884587274356528
"107","https://www.catalystdigital.com/2017-catalyst-year-in-review/",0.000938868652128618
"108","https://www.catalystdigital.com/diversity-in-digital-2017/",0.000987757888359519
"109","https://www.catalystdigital.com/know-audience-content-strategy-ideas-big-brands/",0.000867130305987279
"110","https://www.catalystdigital.com/catalyst-employee-spotlight-erica-mclaughlin/",0.00109275153586174
"111","https://www.catalystdigital.com/catalyst-employee-spotlight-craig-detora/",0.000949854104479044
"112","https://www.catalystdigital.com/local-search-marketing-webinar/",0.000937103284635648
"113","https://www.catalystdigital.com/coffee-catalyst-featuring-angela-davis-e-commerce-seo/",0.000892941843596383
"114","https://www.catalystdigital.com/post-type/post/page/2/",0.00104438290770185
"115","https://www.catalystdigital.com/google-adwords-interface-updates/",0.0010252584756768
"116","https://www.catalystdigital.com/five-reasons-to-submit-to-techseoboost-research-competition/",0.000944237937578366
"117","https://www.catalystdigital.com/googles-mobile-update-prepared/",0.000828766697655939
"118","https://www.catalystdigital.com/category/mobile/page/2/",0.000884776282759472
"119","https://www.catalystdigital.com/internet-marketing-news-april-2015-recap/",0.000851333026943687
"120","https://www.catalystdigital.com/how-yelp-works-whats-new/",0.000827725369041127
"121","https://www.catalystdigital.com/author/catalyst/page/3/",0.000849381439110072
"122","https://www.catalystdigital.com/catalyst-employee-spotlight-janice-lu/",0.000967883860554346
"123","https://www.catalystdigital.com/category/paid-search/page/8/",0.000861313979038865
"124","https://www.catalystdigital.com/dan-beder-speaks-enterprise-search-summit-coffee-catalyst/",0.000887239406905819
"125","https://www.catalystdigital.com/google-adwords-redesign/",0.000989525109688475
"126","https://www.catalystdigital.com/behind-the-scenes-with-heather-frahm-queen-of-cpg/",0.000841470650705079
"127","https://www.catalystdigital.com/the-21st-century-data-driven-digital-publisher/",0.000915304185203037
"128","https://www.catalystdigital.com/kenshoo-bid-management-solutions/",0.000847972975889769
"129","https://www.catalystdigital.com/aligning-media-budgets-with-consumer-behavior/",0.000855365325209463
"130","https://www.catalystdigital.com/category/catalyst-culture/page/5/",0.000857487079456674
"131","https://www.catalystdigital.com/bing-agency-awards/",0.000885292567646316
"132","https://www.catalystdigital.com/post-type/news/page/2/",0.000956906816968897
"133","https://www.catalystdigital.com/think-with-google-advisory-council/",0.000940576839654214
"134","https://www.catalystdigital.com/master-search-marketing-at-your-enterprise-business/",0.00100596610899154
"135","https://www.catalystdigital.com/catalyst-employee-spotlight-cara-debeer/",0.000928107347725429
"136","https://www.catalystdigital.com/dominate-amazons-digital-shelf-webinar/",0.0010483276889195
"137","https://www.catalystdigital.com/category/paid-search/page/3/",0.000856469992061927
"138","https://www.catalystdigital.com/amazon-sponsored-products-targeting-update/",0.000914874194028846
"139","https://www.catalystdigital.com/catalyst-is-mitx-finalist/",0.00105290885681805
"140","https://www.catalystdigital.com/blog/page/4/",0.000861336493439313
"141","https://www.catalystdigital.com/latest-ams-changes/",0.000997061728693001
"142","https://www.catalystdigital.com/boosting-brand-awareness-bing-rich-ads-search/",0.000859342112322639
"143","https://www.catalystdigital.com/internet-marketing-news-august-recap/",0.000835539733729831
"144","https://www.catalystdigital.com/5-social-media-insights-that-drive-business-results/",0.000921741314017861
"145","https://www.catalystdigital.com/mitx-ecommerce-summit-wayfair-boston/",0.000908002618868466
"146","https://www.catalystdigital.com/digital-marketing-insights-millward-brown-digital-matt-pace/",0.000830154187449474
"147","https://www.catalystdigital.com/category/paid-search/page/2/",0.000879669206588109
"148","https://www.catalystdigital.com/social-seo-strategies-mastering-the-art-of-social-seo-ch-1/",0.00100777993671169
"149","https://www.catalystdigital.com/catalyst-joins-marketing-land-hashtag-bowl/",0.00107021489359998
"150","https://www.catalystdigital.com/category/catalyst-culture/page/3/",0.000866689997074873
"151","https://www.catalystdigital.com/holiday-seasonal-shopping-trends/",0.000893749208509046
"152","https://www.catalystdigital.com/author/kerrycurran/",0.000829294460300169
"153","https://www.catalystdigital.com/internet-marketing-news-december-2014-recap/",0.000828983365355938
"154","https://www.catalystdigital.com/category/mobile/page/3/",0.000862986429792206
"155","https://www.catalystdigital.com/post-type/featured/page/2/",0.000930219078042617
"156","https://www.catalystdigital.com/content-strategy-tips-e-commerce-websites/",0.000868011522803249
"157","https://www.catalystdigital.com/landy-awards-2018/",0.00107268407648436
"158","https://www.catalystdigital.com/internet-marketing-news-january-2015-recap/",0.000909163316028049
"159","https://www.catalystdigital.com/apple-launches-app-store-paid-search-ads/",0.000864499285965457
"160","https://www.catalystdigital.com/kerry-curran-accepted-into-adage-collective/",0.000945486006249105
"161","https://www.catalystdigital.com/whats-new-in-the-amazon-advertising-ui/",0.000858522924463924
"162","https://www.catalystdigital.com/category/catalyst-culture/page/2/",0.00088032789635575
"163","https://www.catalystdigital.com/app-indexing-cheat-sheets/",0.000859172412218186
"164","https://www.catalystdigital.com/drinks-and-diversity-happy-hour/",0.000960161652615559
"165","https://www.catalystdigital.com/forrester-sem-social-media-marketing-success/",0.00100515281268638
"166","https://www.catalystdigital.com/author/ccloney/",0.00083167630861489
"167","https://www.catalystdigital.com/5-key-considerations-for-getting-started-with-pinterest/",0.000900417353307402
"168","https://www.catalystdigital.com/google-shopping-actions/",0.000847745744795978
"169","https://www.catalystdigital.com/smx-west-2019-eta-implementation-walkthrough/",0.00084883827107233
"170","https://www.catalystdigital.com/google-updates-influencer-linking-guidelines/",0.00084034812619919
"171","https://www.catalystdigital.com/google-penguin-update-highlights-from-smx-east/",0.000870938623766332
"172","https://www.catalystdigital.com/seo-hot-trends-happy-hour/",0.000958903649516106
"173","https://www.catalystdigital.com/internet-marketing-news-february-2015-recap/",0.000990424417221179
"174","https://www.catalystdigital.com/roi-revolution-highlights-and-webinar-recording/",0.000857787348366443
"175","https://www.catalystdigital.com/post-type/post/page/3/",0.000941452922412998
"176","https://www.catalystdigital.com/author/emclaughlin/",0.000829425050921588
"177","https://www.catalystdigital.com/techseoboost/",0.000983632761949328
"178","https://www.catalystdigital.com/data-visualization-sempo-session-recap/",0.00083126606887934
"179","https://www.catalystdigital.com/post-type/featured/page/3/",0.000882550859506627
"180","https://www.catalystdigital.com/search-engine-to-store-webinar/",0.000948336147900668
"181","https://www.catalystdigital.com/internet-marketing-news-may-2015-recap/",0.000964392421777033
"182","https://www.catalystdigital.com/catalyst-teikametrics-amazon-agency-connection/",0.000847758253195183
"183","https://www.catalystdigital.com/amazon-attribution-catalyst-pov/",0.000947884527237899
"184","https://www.catalystdigital.com/paul-shapiro-recognized-as-search-engine-journals-top-seo-experts/",0.000932534668158512
"185","https://www.catalystdigital.com/amping-airbnb/",0.00100925350528257
"186","https://www.catalystdigital.com/searchboost/",0.000940796343793133
"187","https://www.catalystdigital.com/blog/page/5/",0.000841552530344021
"188","https://www.catalystdigital.com/post-type/news/page/6/",0.000908332273887916
"189","https://www.catalystdigital.com/catalyst-premier-sponsor-of-smx-east-2016/",0.000936248225786396
"190","https://www.catalystdigital.com/search-social-marketing-integration-toolkit/",0.000890545110343058
"191","https://www.catalystdigital.com/google-site-search-pov/",0.000969815611084321
"192","https://www.catalystdigital.com/techseo-boost/",0.00097251796481747
"205","https://www.catalystdigital.com/blog/page/28/",0.0008812664001524
"262","https://www.catalystdigital.com/digital-marketing-case-studies/butterfinger/",0.000874813181477956
"263","https://www.catalystdigital.com/digital-marketing-case-studies/head-and-shoulders-paid-search/",0.000874813181477956
"264","https://www.catalystdigital.com/digital-marketing-case-studies/jaguar-seo/",0.000874813181477956
"266","https://www.catalystdigital.com/post-type/featured/page/14/",0.000854492515168616
"276","https://www.catalystdigital.com/post-type/post/page/22/",0.000910975422250051
"277","https://www.catalystdigital.com/author/catalyst/page/26/",0.00082676802366267
"284","https://www.catalystdigital.com/wp-content/uploads/Catalyst-Google-Features-Updates-2017-POV.pdf",0.000805161248135737
"287","https://www.catalystdigital.com/internet-marketing-news-march-2015-recap/",0.000887764196495328
"288","https://www.catalystdigital.com/swsxi-2015-recap-highlights/",0.000838749487928661
"289","https://www.catalystdigital.com/internet-marketing-news-november-2014-recap/",0.000855565505314046
"290","https://www.catalystdigital.com/internet-marketing-news-september-2014-recap/",0.000820768672694167
"291","https://www.catalystdigital.com/internet-marketing-news-august-2014-recap/",0.000891574417614867
"292","https://www.catalystdigital.com/internet-marketing-news-june-2014-recap/",0.000820457509098587
"293","https://www.catalystdigital.com/internet-marketing-news-may-2014-recap/",0.000850283859237309
"294","https://www.catalystdigital.com/internet-marketing-news-april-2014-recap/",0.000854510830176335
"295","https://www.catalystdigital.com/category/video/page/2/",0.000833970345238501
"296","https://www.catalystdigital.com/category/video/page/3/",0.000811248927879667
"302","https://www.catalystdigital.com/retail-boost-2018-selling-on-social/",0.000910075277354
"303","https://www.catalystdigital.com/february-2018-facebook-instagram-updates/",0.000834456097139923
"304","https://www.catalystdigital.com/snapchat-updates-february-2018/",0.000834456097139923
"305","https://www.catalystdigital.com/twitter-changes-and-updates/",0.000810951721635601
"306","https://www.catalystdigital.com/whats-new-with-pinterest/",0.00085553997712762
"307","https://www.catalystdigital.com/tweet-carousels-what-you-need-to-know-about-twitters-new-ad-format/",0.000810951721635601
"308","https://www.catalystdigital.com/category/social/page/2/",0.000833375932750369
"309","https://www.catalystdigital.com/category/social/page/3/",0.000810951721635601
"310","https://www.catalystdigital.com/category/social/page/11/",0.000810951721635601
"311","https://www.catalystdigital.com/author/pcaltabiano/",0.000841178857845103
"312","https://www.catalystdigital.com/amazon-prime-day-2018-advertisting-tips/",0.00092010053920209
"313","https://www.catalystdigital.com/category/e-commerce/page/2/",0.000833970345238505
"314","https://www.catalystdigital.com/category/e-commerce/page/3/",0.000811248927879669
"315","https://www.catalystdigital.com/the-age-of-amazon-webinar/",0.000926171653929851
"316","https://www.catalystdigital.com/lighting-twitter-during-the-super-bowl-blackout/",0.000833941410961444
"317","https://www.catalystdigital.com/5-new-rules-for-maximizing-social-media-roi/",0.000951318974074936
"318","https://www.catalystdigital.com/category/seo/page/2/",0.000833375932750378
"319","https://www.catalystdigital.com/category/seo/page/3/",0.000810951721635606
"320","https://www.catalystdigital.com/category/seo/page/13/",0.000810951721635606
"322","https://www.catalystdigital.com/state-technical-seo/",0.00100150292286391
"323","https://www.catalystdigital.com/seo-automation/",0.000888269096315077
"328","https://www.catalystdigital.com/ad-heat-advertising-patent-watch/",0.000843524744340384
"329","https://www.catalystdigital.com/twitter-joins-the-advertising-api-game/",0.00082523276551031
"332","https://www.catalystdigital.com/ces-glass/",0.000806819489350907
"333","https://www.catalystdigital.com/hummingbird-patent-watch/",0.000806819489350907
"334","https://www.catalystdigital.com/pebble-smart-watch-mobile-seo/",0.000837618526077453
"335","https://www.catalystdigital.com/author/zreguieg/",0.000825157350894143
"336","https://www.catalystdigital.com/social-media-trends-2016-2017/",0.000826116586873839
"338","https://www.catalystdigital.com/author/abooth/",0.000803927028884106
"355","https://www.catalystdigital.com/catalyst-employee-spotlight-ryan-coffey/",0.000868492712477008
"356","https://www.catalystdigital.com/author/catalyst/page/4/",0.000811140925968257
"357","https://www.catalystdigital.com/author/dshelat/",0.000806774714259808
"358","https://www.catalystdigital.com/changing-seo-suo/",0.000857808462491164
"359","https://www.catalystdigital.com/seo-will-always-thrive/",0.000825021917998784
"363","https://www.catalystdigital.com/google-tag-manager-semantic-markup/",0.000842383075241104
"364","https://www.catalystdigital.com/new-ways-to-uncover-content-marketing-ideas/",0.000797818634748107
"365","https://www.catalystdigital.com/catalyst-sponsors-smx-east-2017/",0.000807049731360452
"366","https://www.catalystdigital.com/113-catalyst-and-bings-webinar-poll-results-recording/",0.000807049731360452
"367","https://www.catalystdigital.com/using-search-marketing-to-amplify-tv-buys/",0.000851469014095143
"368","https://www.catalystdigital.com/post-type/news/page/4/",0.000830696679560032
"369","https://www.catalystdigital.com/post-type/news/page/5/",0.000824909246425466
"373","https://www.catalystdigital.com/google-adwords-expanded-text-ads/",0.000889890708704766
"374","https://www.catalystdigital.com/google-dynamic-search-ads-dsa-pov/",0.000915745402942745
"375","https://www.catalystdigital.com/author/cdetora/",0.000903533100566154
"376","https://www.catalystdigital.com/ams-product-update/",0.00101476842529802
"377","https://www.catalystdigital.com/author/ldevlaming/",0.00080800445227647
"378","https://www.catalystdigital.com/is-facebook-reach-and-frequency-campaign-option-right-for-you/",0.000827481394032108
"379","https://www.catalystdigital.com/paid-social-direct-response/",0.000827481394032108
"380","https://www.catalystdigital.com/in-the-social-search-jungle-with-google-and-facebook/",0.000851230305788672
"383","https://www.catalystdigital.com/pinterest-launches-paid-search-ads/",0.000971772951454836
"385","https://www.catalystdigital.com/new-look-google-maps-local-search-ads/",0.000820793133818255
"397","https://www.catalystdigital.com/author/abellini/",0.000805812514245343
"398","https://www.catalystdigital.com/marketers-thinking-voice-search/",0.000823097517969852
"399","https://www.catalystdigital.com/how-new-voice-search-technology-affects-seo/",0.000823097517969852
"416","https://www.catalystdigital.com/social-seo-101-an-intro-to-social-seo-strategies/",0.000865813428842041
"428","https://www.catalystdigital.com/trailblazer-tuesday-hitwise/",0.000889769690034471
"429","https://www.catalystdigital.com/trailblazer-tuesdays-oracle-data-cloud/",0.000871392417768645
"430","https://www.catalystdigital.com/trailblazer-tuesday-tvty/",0.000835353566293329
"431","https://www.catalystdigital.com/gas-buddy/",0.000889776602211045
"433","https://www.catalystdigital.com/catalyst-shortlisted-in-2017-landy-awards-and-us-search-awards/",0.000930237809265438
"434","https://www.catalystdigital.com/catalyst-digital-marketing-events-september-2016/",0.000967251137761997
"435","https://www.catalystdigital.com/catalyst-turns-sixteen-future-of-digital-marketing-2030/",0.000833305868126464
"436","https://www.catalystdigital.com/brands-can-leverage-search-holidays/",0.000825847042677247
"441","https://www.catalystdigital.com/content-that-builds-your-brand-and-drives-business-results/",0.000851842555192435
"443","https://www.catalystdigital.com/catalyst-launches-social-seo-strategies-ebook/",0.000881681612040016
"444","https://www.catalystdigital.com/e-commerce-insights-from-googles-liz-james/",0.000872739336735658
"446","https://www.catalystdigital.com/post-type/post/page/4/",0.000819005010683899
"447","https://www.catalystdigital.com/wp-content/uploads/TechSEO_Boost_Call_For_Research_Template.docx",0.000798082299174899
"448","https://www.catalystdigital.com/seo-best-practices-for-javascript/",0.000881352720376066
"449","https://www.catalystdigital.com/googles-panda-4-0-payday-loan-algorithm-update/",0.000822891007740713
"450","https://www.catalystdigital.com/click-through-rate-slightly-lower-first-page-results-mobile-devices/",0.000833678338113116
"451","https://www.catalystdigital.com/give-people-want-two-common-mobile-site-mistakes-harm-user-experience/",0.000832410752555214
"458","https://www.catalystdigital.com/local-marketing-insights-from-alllocal-sara-garrison/",0.000798047255335333
"459","https://www.catalystdigital.com/internet-marketing-news-october-2014-recap/",0.000798047255335333
"460","https://www.catalystdigital.com/2015-mobile-local-will-finally-one/",0.000798047255335333
"461","https://www.catalystdigital.com/e-commerce-insights-hooklogic-ceo-jonathan-opdyke/",0.000798047255335333
"462","https://www.catalystdigital.com/spanglish-new-language-search/",0.000798047255335333
"463","https://www.catalystdigital.com/6-key-trends-takeaways-sxsw/",0.000798047255335333
"464","https://www.catalystdigital.com/internet-marketing-news-february-2014-recap/",0.000798047255335333
"465","https://www.catalystdigital.com/internet-marketing-news-december-recap/",0.000798047255335333
"476","https://www.catalystdigital.com/stop-phony-reviews-yelp/",0.000818151365833884
"477","https://www.catalystdigital.com/catalyst-announces-whats-new-whats-next-e-retail-event/",0.000827377492638164
"478","https://www.catalystdigital.com/gillette-go-ask-dad-fathers-day/",0.000818151365833884
"499","https://www.catalystdigital.com/forbes-communications-council/",0.00087306024230351
"500","https://www.catalystdigital.com/forbes-agency-council/",0.000860669082446514
"501","https://www.catalystdigital.com/author/catalyst/page/5/",0.000795970543750148
"503","https://www.catalystdigital.com/internet-marketing-news-may-recap/",0.000809925230490091
"504","https://www.catalystdigital.com/internet-marketing-news-april-recap/",0.000799137900117688
"505","https://www.catalystdigital.com/bringing-search-to-twitter-in-a-targeted-way/",0.000799137900117688
"506","https://www.catalystdigital.com/internet-marketing-news-march-recap/",0.000799137900117688
"507","https://www.catalystdigital.com/google-consumer-surveys-can-help-to-answer-your-business-questions/",0.000799137900117688
"508","https://www.catalystdigital.com/february-search-news-recap/",0.000835164358003869
"509","https://www.catalystdigital.com/google-enhanced-campaigns-what-are-they-enhancing/",0.000799137900117688
"510","https://www.catalystdigital.com/category/paid-search/page/7/",0.000809748289714544
"511","https://www.catalystdigital.com/category/paid-search/page/6/",0.000799137900117688
"512","https://www.catalystdigital.com/dan-cristos-patent-watch-page-speed-coffee-catalyst/",0.000828219799777146
"514","https://www.catalystdigital.com/author/klimkavall/",0.000829999108844671
"516","https://www.catalystdigital.com/heather-frahm-discusses-her-departure-from-catalyst/",0.000836415802357509
"517","https://www.catalystdigital.com/evolution-cpg-influencer-model-parents/",0.000827189675553228
"521","https://www.catalystdigital.com/digital-boost-2017-recap/",0.000956298172476532
"523","https://www.catalystdigital.com/author/joseph-mesgleskiwmglobal-com/",0.000825841991909445
"525","https://www.catalystdigital.com/social-media-and-bostonmarathon-bombings-2/",0.000816491376921911
"526","https://www.catalystdigital.com/beyond-the-like-social-media-tracking-testing-targeting/",0.000830036682760591
"527","https://www.catalystdigital.com/value-social-media-organic-search/",0.000816491376921911
"528","https://www.catalystdigital.com/whats-one-billion-dollars-worth-today-depends-on-the-company-spending-it/",0.000797753637325113
"529","https://www.catalystdigital.com/using-graph-search-survey-and-analysis/",0.000797753637325113
"530","https://www.catalystdigital.com/facebook-redesigns-news-feed-big-user-experience-changes-mean-big-opportunities-for-brands/",0.000797753637325113
"531","https://www.catalystdigital.com/catalyst-expands-to-canada/",0.000797753637325113
"532","https://www.catalystdigital.com/category/catalyst-culture/page/4/",0.000834634935356153
"534","https://www.catalystdigital.com/lauren-de-vlaming-co-chair-social-media-committee/",0.000867235631727527
"535","https://www.catalystdigital.com/catalyst-to-sponsor-smx-advanced-2017/",0.000835935206794057
"539","https://www.catalystdigital.com/5-reasons-to-run-paid-search-even-when-winning-in-organic-search/",0.000849020620693307
"540","https://www.catalystdigital.com/google-latest-changes-to-exact-match/",0.000893626013819047
"541","https://www.catalystdigital.com/google-analytics-360-suite/",0.000840142578092666
"543","https://www.catalystdigital.com/catalyst-speakers-and-recommendations-smx-west/",0.000797405553121475
"544","https://www.catalystdigital.com/dont-miss-catalyst-at-smx-west-for-three-days-of-search-insights-innovation/",0.000797405553121475
"545","https://www.catalystdigital.com/catalyst-paid-search-track-sponsor-at-smx-west-2017/",0.000797405553121475
"546","https://www.catalystdigital.com/insights-to-fuel-digital-retail-strategies/",0.000875358497053264
"547","https://www.catalystdigital.com/how-to-maximize-your-pla-roas/",0.000797405553121475
"548","https://www.catalystdigital.com/googles-attribution-reporting/",0.000797405553121475
"549","https://www.catalystdigital.com/category/paid-search/page/4/",0.000815514692334461
"550","https://www.catalystdigital.com/category/paid-search/page/5/",0.000797405553121475
"551","https://www.catalystdigital.com/twitter-announces-emoji-targeting/",0.000824281214655293
"553","https://www.catalystdigital.com/vega-digital-awards-winning-entry/",0.000878437754913356
"556","https://www.catalystdigital.com/blog/page/6/",0.000814585044508884
"557","https://www.catalystdigital.com/many-companies-struggling-with-amazon-marketing-strategy/",0.000833132903646572
"558","https://www.catalystdigital.com/author/jfrantel/",0.000807019682558155
"589","http://catalystdigital.com/catalyst-selected-as-gold-honoree-of-2017-shorty-awards/",0.00079857212740436
"590","https://www.catalystdigital.com/paid-social-planning-1-sheeter/",0.000828705978054944
"595","https://www.catalystdigital.com/media-impact-on-paid-search/",0.000816135879399004
"600","https://www.catalystdigital.com/marketing-events-november-2016/",0.00083444134672923
"601","https://www.catalystdigital.com/smx-social-pro-smx-advanced/",0.00082667467326406
"602","https://www.catalystdigital.com/internet-marketing-news-july-2014-recap/",0.000832532924359632
"603","https://www.catalystdigital.com/internet-marketing-news-march-2014-recap/",0.000797736091739753
"608","https://www.catalystdigital.com/internet-marketing-news-november-recap/",0.000799314840893235
"609","https://www.catalystdigital.com/m80-president-jeff-semones-is-a-judge-in-the-global-apps-to-empower-contest/",0.000799314840893235
"610","https://www.catalystdigital.com/internet-marketing-news-september-recap/",0.000799314840893235
"611","https://www.catalystdigital.com/internet-marketing-news-june-recap/",0.000799314840893235
"612","https://www.catalystdigital.com/post-type/featured/page/4/",0.000816585854858928
"647","https://www.catalystdigital.com/black-box-pharma-paid-search-ads-removal-vanity-urlsblack-box-pharma-paid-search-ads-and-removal-of-vanity-urls/",0.000827202478577182
"649","https://www.catalystdigital.com/author/mpomeranz/",0.000839577319577004
"651","https://www.catalystdigital.com/twitter-releases-vine-in-app-store-proceeds-to-drop-mic-and-exit-stage-left/",0.000822104363412118
"661","https://www.catalystdigital.com/graph-search-and-what-means-for-brands/",0.000821388275550964
"662","https://www.catalystdigital.com/pinterest-expands-targeting-options-rival-facebook-twitter/",0.000827776472075258
"663","https://www.catalystdigital.com/author/jkensicki/",0.000806319705164699
"664","https://www.catalystdigital.com/mobile-first-index-google-says-wait-until-2018/",0.000824111899808565
"667","https://www.catalystdigital.com/author/cdebeer/",0.000805504275942279
"669","https://www.catalystdigital.com/google-panda-patent-watch/",0.00082563379141794
"671","https://www.catalystdigital.com/google-penguin-update-pov/",0.000813411471199871
"672","https://www.catalystdigital.com/catalyst-picks-at-smx-east/",0.000842350052724178
"706","https://www.catalystdigital.com/post-type/post/page/5/",0.000798286473740967
"709","https://www.catalystdigital.com/author/lford/",0.000806880138015571
"710","https://www.catalystdigital.com/retail-boost-recap/",0.00082523276551031
"712","https://www.catalystdigital.com/post-type/featured/page/5/",0.000797675903576694
"725","https://www.catalystdigital.com/what-we-expect-google-store-visits-report/",0.000829341977645671
"736","https://www.catalystdigital.com/?s=paul+shapiro",0.000795866903742451
"762","https://www.catalystdigital.com/author/jkenyon/",0.000810809730767331
"763","https://www.catalystdigital.com/blog/page/7/",0.000797145819566524
"766","https://www.catalystdigital.com/seo-social-marketing-insights-direct-from-moz-founder-rand-fishkin/",0.00082785028162689
